,accuracy,precision,recall,f1,auc
TF-IDF Only,0.8489208633093526,0.8045112781954887,0.8699186991869918,0.8359375,0.9122475740886443
ASTCC Only,0.8525179856115108,0.8360655737704918,0.8292682926829268,0.8326530612244898,0.9377130868082875
Hybrid,0.89568345323741,0.8852459016393442,0.8780487804878049,0.8816326530612245,0.9447154471544716
